Total Sales,Product Name,Product ID,Segment,Customer Name,Customer ID,Region,Period
136.99,AT&T 1080 Corded phone,TEC-PH-10000576,Consumer,Chuck Sachs,CS-12460,East,2018-12-03 - 2018-12-17
3.15,Avery 520,OFF-LA-10001317,Consumer,Chuck Sachs,CS-12460,East,2018-12-03 - 2018-12-17
83.92,GBC Premium Transparent Covers with Diagonal Lined Pattern,OFF-BI-10001524,Consumer,Chuck Sachs,CS-12460,East,2018-12-03 - 2018-12-17
14.624,SpineVue Locking Slant-D Ring Binders by Cardinal,OFF-BI-10001553,Consumer,Chuck Sachs,CS-12460,East,2018-12-03 - 2018-12-17
10.368,Xerox 1998,OFF-PA-10003729,Consumer,Clay Cheatham,CC-12550,Central,2018-12-03 - 2018-12-17
16.192,DAX Two-Tone Silver Metal Document Frame,FUR-FU-10004053,Consumer,Lena Cacioppo,LC-16870,West,2018-12-03 - 2018-12-17
16.72,"Eldon Image Series Desk Accessories, Burgundy",FUR-FU-10004270,Consumer,Lena Cacioppo,LC-16870,West,2018-12-03 - 2018-12-17
47.32,"Elite 5"" Scissors",OFF-SU-10004782,Consumer,Lena Cacioppo,LC-16870,West,2018-12-03 - 2018-12-17
179.088,Memorex Micro Travel Drive 16 GB,TEC-AC-10002006,Consumer,Lena Cacioppo,LC-16870,West,2018-12-03 - 2018-12-17
13.344,Newell 344,OFF-AR-10003856,Consumer,Lena Cacioppo,LC-16870,West,2018-12-03 - 2018-12-17
23.376,Staple-based wall hangings,FUR-FU-10004351,Consumer,Lena Cacioppo,LC-16870,West,2018-12-03 - 2018-12-17
10.32,"Wirebound Four 2-3/4 x 5 Forms per Page, 400 Sets per Book",OFF-PA-10002246,Consumer,Lena Cacioppo,LC-16870,West,2018-12-03 - 2018-12-17
13.592,Tensor Brushed Steel Torchiere Floor Lamp,FUR-FU-10000820,Consumer,Mark Van Huff,MV-17485,Central,2018-12-03 - 2018-12-17
45.216,Belkin F9H710-06 7 Outlet SurgeMaster Surge Protector,OFF-AP-10002350,Consumer,Matt Collins,MC-17575,South,2018-12-03 - 2018-12-17
28.782,"GBC Pre-Punched Binding Paper, Plastic, White, 8-1/2"" x 11""",OFF-BI-10004233,Consumer,Matt Collins,MC-17575,South,2018-12-03 - 2018-12-17
24.448,"Rediform Wirebound ""Phone Memo"" Message Book, 11 x 5-3/4",OFF-PA-10001892,Consumer,Matt Collins,MC-17575,South,2018-12-03 - 2018-12-17
47.992,Kensington Orbit Wireless Mobile Trackball for PC and Mac,TEC-AC-10001990,Consumer,Natalie DeCherney,ND-18370,South,2018-12-03 - 2018-12-17
166.44,"White Dual Perf Computer Printout Paper, 2700 Sheets, 1 Part, Heavyweight, 20 lbs., 14 7/8 x 11",OFF-PA-10000357,Consumer,Toby Carlisle,TC-21295,West,2018-12-03 - 2018-12-17
521.96,"Bevis Oval Conference Table, Walnut",FUR-TA-10002958,Home Office,Corinna Mitchell,CM-12655,West,2018-12-03 - 2018-12-17
5.346,Storex Dura Pro Binders,OFF-BI-10004364,Consumer,Charles McCrossin,CM-12160,East,2018-12-03 - 2018-12-17
61.568,Advantus Rolling Drawer Organizers,OFF-ST-10000532,Consumer,Christy Brittain,CB-12415,Central,2018-12-03 - 2018-12-17
302.94,Global Low Back Tilter Chair,FUR-CH-10004860,Consumer,Doug O'Connell,DO-13645,East,2018-12-03 - 2018-12-17
182.22,"Global Value Steno Chair, Gray",FUR-CH-10003817,Consumer,Doug O'Connell,DO-13645,East,2018-12-03 - 2018-12-17
12.99,"Tensor ""Hersey Kiss"" Styled Floor Lamp",FUR-FU-10002506,Consumer,Doug O'Connell,DO-13645,East,2018-12-03 - 2018-12-17
74.352,"IBM Multi-Purpose Copy Paper, 8 1/2 x 11"", Case",OFF-PA-10000241,Consumer,Larry Tron,LT-16765,East,2018-12-03 - 2018-12-17
649.0,Okidata C610n Printer,TEC-MA-10001856,Consumer,Lena Radford,LR-16915,South,2018-12-03 - 2018-12-17
142.8,First Data TMFD35 PIN Pad,TEC-AC-10004595,Consumer,Theone Pippenger,TP-21130,Central,2018-12-03 - 2018-12-17
399.95,Logitech G430 Surround Sound Gaming Headset with Dolby 7.1 Technology,TEC-AC-10001539,Consumer,Theone Pippenger,TP-21130,Central,2018-12-03 - 2018-12-17
8.8,Newell 310,OFF-AR-10001315,Consumer,Theone Pippenger,TP-21130,Central,2018-12-03 - 2018-12-17
11.76,"Adams Telephone Message Book W/Dividers/Space For Phone Numbers, 5 1/4""X8 1/2"", 300/Messages",OFF-PA-10001838,Corporate,Chris Selesnick,CS-12250,West,2018-12-03 - 2018-12-17
188.552,"Safco Chair Connectors, 6/Carton",FUR-CH-10001797,Corporate,Darrin Van Huff,DV-13045,East,2018-12-03 - 2018-12-17
11.352,C-Line Cubicle Keepers Polyproplyene Holder With Velcro Backings,FUR-FU-10001918,Corporate,Katrina Edelman,KE-16420,East,2018-12-03 - 2018-12-17
13.392,DIXON Ticonderoga Erasable Checking Pencils,OFF-AR-10000716,Corporate,Michael Stewart,MS-17980,East,2018-12-03 - 2018-12-17
239.96,Global Chrome Stack Chair,FUR-CH-10004540,Corporate,Michael Stewart,MS-17980,East,2018-12-03 - 2018-12-17
54.768,Hand-Finished Solid Wood Document Frame,FUR-FU-10004093,Corporate,Michael Stewart,MS-17980,East,2018-12-03 - 2018-12-17
255.968,Logitech G13 Programmable Gameboard with LCD Display,TEC-AC-10000580,Corporate,Michael Stewart,MS-17980,East,2018-12-03 - 2018-12-17
23.92,Xerox 1956,OFF-PA-10002709,Corporate,Michael Stewart,MS-17980,East,2018-12-03 - 2018-12-17
24.816,GBC Wire Binding Combs,OFF-BI-10001617,Consumer,Alan Barnes,AB-10165,West,2018-12-03 - 2018-12-17
14.976,Zipper Ring Binder Pockets,OFF-BI-10000145,Consumer,Alan Barnes,AB-10165,West,2018-12-03 - 2018-12-17
11.07,Avery 52,OFF-LA-10000248,Consumer,Bart Folk,BF-11080,East,2018-12-03 - 2018-12-17
21.6,"Telephone Message Books with Fax/Mobile Section, 4 1/4"" x 6""",OFF-PA-10000007,Consumer,Bart Folk,BF-11080,East,2018-12-03 - 2018-12-17
41.96,Magnifier Swing Arm Lamp,FUR-FU-10001934,Consumer,Carlos Soltero,CS-11950,East,2018-12-03 - 2018-12-17
9.45,Self-Adhesive Removable Labels,OFF-LA-10003766,Consumer,Carlos Soltero,CS-11950,East,2018-12-03 - 2018-12-17
92.94,Xerox 1960,OFF-PA-10003039,Consumer,Naresj Patel,NP-18325,West,2018-12-03 - 2018-12-17
61.44,Kensington 6 Outlet Guardian Standard Surge Protector,OFF-AP-10004532,Consumer,Rob Beeghly,RB-19570,Central,2018-12-03 - 2018-12-17
99.39,Logitech P710e Mobile Speakerphone,TEC-AC-10003832,Consumer,Rob Beeghly,RB-19570,Central,2018-12-03 - 2018-12-17
38.9,"Southworth 100% Résumé Paper, 24lb.",OFF-PA-10002137,Consumer,Rob Beeghly,RB-19570,Central,2018-12-03 - 2018-12-17
20.94,"Eldon Expressions Wood and Plastic Desk Accessories, Cherry Wood",FUR-FU-10001487,Corporate,Suzanne McNair,SM-20950,East,2018-12-03 - 2018-12-17
254.9,Eureka The Boss Cordless Rechargeable Stick Vac,OFF-AP-10001271,Corporate,Suzanne McNair,SM-20950,East,2018-12-03 - 2018-12-17
58.68,"Seth Thomas 14"" Putty-Colored Wall Clock",FUR-FU-10000521,Corporate,Suzanne McNair,SM-20950,East,2018-12-03 - 2018-12-17
31.176,Cyber Acoustics AC-202b Speech Recognition Stereo Headset,TEC-PH-10000148,Home Office,Patrick Bzostek,PB-18805,West,2018-12-03 - 2018-12-17
199.9,Eldon Radial Chair Mat for Low to Medium Pile Carpets,FUR-FU-10003268,Home Office,Patrick Bzostek,PB-18805,West,2018-12-03 - 2018-12-17
9.296,Fellowes Black Plastic Comb Bindings,OFF-BI-10002071,Home Office,Patrick Bzostek,PB-18805,West,2018-12-03 - 2018-12-17
83.92,GBC Premium Transparent Covers with Diagonal Lined Pattern,OFF-BI-10001524,Home Office,Patrick Bzostek,PB-18805,West,2018-12-03 - 2018-12-17
172.752,GBC VeloBinder Manual Binding System,OFF-BI-10001543,Home Office,Patrick Bzostek,PB-18805,West,2018-12-03 - 2018-12-17
10.68,Staple magnet,OFF-ST-10003221,Corporate,Brad Norvell,BN-11470,West,2018-12-03 - 2018-12-17
320.64,"Eureka The Boss Lite 10-Amp Upright Vacuum, Blue",OFF-AP-10004540,Consumer,Brosina Hoffman,BH-11710,South,2018-12-03 - 2018-12-17
52.0,Memorex Micro Travel Drive 8 GB,TEC-AC-10001266,Consumer,Brosina Hoffman,BH-11710,South,2018-12-03 - 2018-12-17
82.38,DAX Wood Document Frame.,FUR-FU-10000175,Consumer,Debra Catini,DC-13285,South,2018-12-03 - 2018-12-17
374.376,Cisco SPA301,TEC-PH-10002496,Consumer,Frank Preis,FP-14320,West,2018-12-03 - 2018-12-17
127.984,Logitech G602 Wireless Gaming Mouse,TEC-AC-10002567,Consumer,Shahid Hopkins,SH-20395,East,2018-12-03 - 2018-12-17
3.552,Binder Clips by OIC,OFF-FA-10000611,Corporate,David Smith,DS-13180,Central,2018-12-03 - 2018-12-17
15.552,Xerox 1995,OFF-PA-10000304,Corporate,David Smith,DS-13180,Central,2018-12-03 - 2018-12-17
1889.99,Ibico EPK-21 Electric Binding System,OFF-BI-10001120,Corporate,Henry Goldwyn,HG-14965,Central,2018-12-03 - 2018-12-17
50.04,"REDIFORM Incoming/Outgoing Call Register, 11"" X 8 1/2"", 100 Messages",OFF-PA-10000380,Home Office,Tracy Collins,TC-21535,West,2018-12-03 - 2018-12-17
109.48,"C-Line Cubicle Keepers Polyproplyene Holder w/Velcro Back, 8-1/2x11, 25/Bx",FUR-FU-10004952,Consumer,Delfina Latchford,DL-13315,East,2018-12-03 - 2018-12-17
31.92,Iris Project Case,OFF-ST-10002352,Consumer,Delfina Latchford,DL-13315,East,2018-12-03 - 2018-12-17
272.94,Safco Industrial Wire Shelving System,OFF-ST-10004123,Consumer,Delfina Latchford,DL-13315,East,2018-12-03 - 2018-12-17
19.44,Xerox 1996,OFF-PA-10003172,Consumer,Delfina Latchford,DL-13315,East,2018-12-03 - 2018-12-17
215.544,Global Deluxe Steno Chair,FUR-CH-10003396,Consumer,Emily Grady,EG-13900,East,2018-12-03 - 2018-12-17
27.52,"Adams Phone Message Book, 200 Message Capacity, 8 1/16” x 11”",OFF-PA-10002713,Consumer,Jeremy Pistek,JP-15520,Central,2018-12-03 - 2018-12-17
61.06,"Avery 4027 File Folder Labels for Dot Matrix Printers, 5000 Labels per Box, White",OFF-LA-10003510,Consumer,Jeremy Pistek,JP-15520,Central,2018-12-03 - 2018-12-17
1089.75,Hoover WindTunnel Plus Canister Vacuum,OFF-AP-10003590,Consumer,Jeremy Pistek,JP-15520,Central,2018-12-03 - 2018-12-17
178.11,Logitech G105 Gaming Keyboard,TEC-AC-10003023,Consumer,Jeremy Pistek,JP-15520,Central,2018-12-03 - 2018-12-17
459.92,"Sauder Camden County Collection Libraries, Planked Cherry Finish",FUR-BO-10003159,Consumer,Jeremy Pistek,JP-15520,Central,2018-12-03 - 2018-12-17
1004.024,"Bevis Round Conference Table Top, X-Base",FUR-TA-10002041,Consumer,Keith Herrera,KH-16510,West,2018-12-03 - 2018-12-17
113.568,Novimex High-Tech Fabric Mesh Task Chair,FUR-CH-10003956,Consumer,Keith Herrera,KH-16510,West,2018-12-03 - 2018-12-17
1336.829,O'Sullivan 4-Shelf Bookcase in Odessa Pine,FUR-BO-10001972,Consumer,Keith Herrera,KH-16510,West,2018-12-03 - 2018-12-17
28.35,Self-Adhesive Removable Labels,OFF-LA-10003766,Consumer,Keith Herrera,KH-16510,West,2018-12-03 - 2018-12-17
1199.976,Sharp AL-1530CS Digital Copier,TEC-CO-10004115,Consumer,Keith Herrera,KH-16510,West,2018-12-03 - 2018-12-17
179.95,Sony 64GB Class 10 Micro SDHC R40 Memory Card,TEC-AC-10000158,Consumer,Keith Herrera,KH-16510,West,2018-12-03 - 2018-12-17
27.15,"Wirebound Message Book, 4 per Page",OFF-PA-10003724,Consumer,Keith Herrera,KH-16510,West,2018-12-03 - 2018-12-17
9.68,"Wirebound Service Call Books, 5 1/2"" x 4""",OFF-PA-10002893,Consumer,Keith Herrera,KH-16510,West,2018-12-03 - 2018-12-17
55.98,Xerox 1881,OFF-PA-10001970,Consumer,Keith Herrera,KH-16510,West,2018-12-03 - 2018-12-17
29.79,Akro-Mils 12-Gallon Tote,OFF-ST-10003327,Consumer,Luke Foster,LF-17185,West,2018-12-03 - 2018-12-17
128.9,"Tenex Traditional Chairmats for Hard Floors, Average Lip, 36"" x 48""",FUR-FU-10002703,Consumer,Luke Foster,LF-17185,West,2018-12-03 - 2018-12-17
60.12,Xerox 1968,OFF-PA-10003651,Consumer,Luke Foster,LF-17185,West,2018-12-03 - 2018-12-17
13.248,BIC Brite Liner Highlighters,OFF-AR-10004441,Consumer,Max Jones,MJ-17740,East,2018-12-03 - 2018-12-17
83.988,iHome FM Clock Radio with Lightning Dock,TEC-PH-10001924,Consumer,Max Jones,MJ-17740,East,2018-12-03 - 2018-12-17
69.48,Belkin 8-Outlet Premiere SurgeMaster II Surge Protectors,OFF-AP-10002670,Corporate,Alan Schoenberger,AS-10225,West,2018-12-03 - 2018-12-17
22.424,"Performers Binder/Pad Holder, Black",OFF-BI-10002854,Corporate,Denise Monton,DM-13345,West,2018-12-03 - 2018-12-17
42.76,"SAFCO Mobile Desk Side File, Wire Frame",OFF-ST-10001837,Corporate,Denise Monton,DM-13345,West,2018-12-03 - 2018-12-17
90.48,Vinyl Sectional Post Binders,OFF-BI-10001670,Corporate,Denise Monton,DM-13345,West,2018-12-03 - 2018-12-17
87.92,Xerox 1992,OFF-PA-10003022,Corporate,Denise Monton,DM-13345,West,2018-12-03 - 2018-12-17
592.74,"Recycled Data-Pak for Archival Bound Computer Printouts, 12-1/2 x 12-1/2 x 16",OFF-ST-10000036,Home Office,Carl Weiss,CW-11905,East,2018-12-03 - 2018-12-17
15.984,Xerox 1921,OFF-PA-10004965,Consumer,Angele Hood,AH-10585,Central,2018-12-03 - 2018-12-17
34.7,BIC Liqua Brite Liner,OFF-AR-10001860,Consumer,Dean Braden,DB-13210,Central,2018-12-03 - 2018-12-17
14.94,Easy-staple paper,OFF-PA-10000349,Consumer,Dean Braden,DB-13210,Central,2018-12-03 - 2018-12-17
33.72,Ibico Plastic and Wire Spiral Binding Combs,OFF-BI-10001636,Consumer,Dean Braden,DB-13210,Central,2018-12-03 - 2018-12-17
104.88,"Maxell Pro 80 Minute CD-R, 10/Pack",TEC-AC-10004859,Consumer,Dean Braden,DB-13210,Central,2018-12-03 - 2018-12-17
10.4,Economy Binders,OFF-BI-10004182,Consumer,Herbert Flentye,HF-14995,Central,2018-12-03 - 2018-12-17
33.45,"Wirebound Message Books, Four 2 3/4 x 5 White Forms per Page",OFF-PA-10000575,Consumer,Herbert Flentye,HF-14995,Central,2018-12-03 - 2018-12-17
5.76,Avery 492,OFF-LA-10004409,Consumer,John Lee,JL-15835,South,2018-12-03 - 2018-12-17
15.92,"Avery Durable Slant Ring Binders, No Labels",OFF-BI-10003274,Consumer,John Lee,JL-15835,South,2018-12-03 - 2018-12-17
214.9,Belkin F9M820V08 8 Outlet Surge,OFF-AP-10000159,Consumer,John Lee,JL-15835,South,2018-12-03 - 2018-12-17
1399.98,Canon Imageclass D680 Copier / Fax,TEC-CO-10001046,Consumer,John Lee,JL-15835,South,2018-12-03 - 2018-12-17
15.14,Eldon Gobal File Keepers,OFF-ST-10004963,Consumer,John Lee,JL-15835,South,2018-12-03 - 2018-12-17
146.45,Logitech ClearChat Comfort/USB Headset H390,TEC-AC-10001013,Consumer,John Lee,JL-15835,South,2018-12-03 - 2018-12-17
29.36,"XtraLife ClearVue Slant-D Ring Binder, White, 3""",OFF-BI-10004236,Consumer,John Lee,JL-15835,South,2018-12-03 - 2018-12-17
444.768,Nortel Business Series Terminal T7208 Digital phone,TEC-PH-10001918,Consumer,Laurel Elliston,LE-16810,West,2018-12-03 - 2018-12-17
143.856,Xerox 1884,OFF-PA-10001019,Consumer,Lena Hernandez,LH-16900,Central,2018-12-03 - 2018-12-17
54.9,GBC Imprintable Covers,OFF-BI-10000088,Consumer,Luke Weiss,LW-17215,Central,2018-12-03 - 2018-12-17
11.088,"Wilson Jones 1"" Hanging DublLock Ring Binders",OFF-BI-10001116,Consumer,Roger Demir,RD-19720,East,2018-12-03 - 2018-12-17
57.576,"Recycled Interoffice Envelopes with String and Button Closure, 10 x 13",OFF-EN-10004386,Corporate,Christine Abelman,CA-12310,East,2018-12-03 - 2018-12-17
37.208,Safco Commercial Shelving,OFF-ST-10004180,Corporate,Christine Abelman,CA-12310,East,2018-12-03 - 2018-12-17
872.94,Global Executive Mid-Back Manager's Chair,FUR-CH-10000847,Corporate,Damala Kotsonis,DK-12835,Central,2018-12-03 - 2018-12-17
41.54,Wilson Jones Century Plastic Molded Ring Binders,OFF-BI-10003982,Corporate,Damala Kotsonis,DK-12835,Central,2018-12-03 - 2018-12-17
12.96,Xerox 1946,OFF-PA-10001293,Corporate,Damala Kotsonis,DK-12835,Central,2018-12-03 - 2018-12-17
2.624,Crayola Colored Pencils,OFF-AR-10004757,Corporate,Kalyca Meade,KM-16225,East,2018-12-03 - 2018-12-17
9.708,"6"" Cubicle Wall Clock, Black",FUR-FU-10000260,Corporate,Ken Brennan,KB-16600,Central,2018-12-03 - 2018-12-17
1.248,Economy Binders,OFF-BI-10004182,Corporate,Ken Brennan,KB-16600,Central,2018-12-03 - 2018-12-17
27.24,"SimpliFile Personal File, Black Granite, 15w x 6-15/16d x 11-1/4h",OFF-ST-10000615,Corporate,Ken Brennan,KB-16600,Central,2018-12-03 - 2018-12-17
13.005,"Acco Recycled 2"" Capacity Laser Printer Hanging Data Binders",OFF-BI-10000279,Corporate,Nick Crebassa,NC-18535,West,2018-12-03 - 2018-12-17
419.4,Multicolor Computer Printout Paper,OFF-PA-10004359,Corporate,Nick Crebassa,NC-18535,West,2018-12-03 - 2018-12-17
896.328,Bevis 36 x 72 Conference Tables,FUR-TA-10003748,Home Office,Alyssa Tate,AT-10435,West,2018-12-03 - 2018-12-17
189.0,Harmony Air Purifier,OFF-AP-10001394,Home Office,Alyssa Tate,AT-10435,West,2018-12-03 - 2018-12-17
11.16,Newell 314,OFF-AR-10000122,Home Office,Alyssa Tate,AT-10435,West,2018-12-03 - 2018-12-17
148.257,O'Sullivan 3-Shelf Heavy-Duty Bookcases,FUR-BO-10001519,Home Office,Daniel Byrd,DB-12910,West,2018-12-03 - 2018-12-17
95.84,Jackery Bar Premium Fast-charging Portable Charger,TEC-PH-10003215,Consumer,Alex Grayson,AG-10330,West,2018-12-03 - 2018-12-17
12.96,Xerox 225,OFF-PA-10002005,Consumer,Alex Grayson,AG-10330,West,2018-12-03 - 2018-12-17
310.88,Electrix Halogen Magnifier Lamp,FUR-FU-10004306,Consumer,Anthony Witt,AW-10840,East,2018-12-03 - 2018-12-17
10.368,Xerox 210,OFF-PA-10000788,Consumer,Anthony Witt,AW-10840,East,2018-12-03 - 2018-12-17
19.104,Staple-based wall hangings,FUR-FU-10001940,Consumer,Brian Thompson,BT-11680,South,2018-12-03 - 2018-12-17
10.86,Convenience Packs of Business Envelopes,OFF-EN-10004030,Consumer,Chris Cortes,CC-12220,East,2018-12-03 - 2018-12-17
426.79,Tripp Lite Isotel 6 Outlet Surge Protector with Fax/Modem Protection,OFF-AP-10000026,Consumer,Chris Cortes,CC-12220,East,2018-12-03 - 2018-12-17
14.2,Memorex Froggy Flash Drive 8 GB,TEC-AC-10003116,Consumer,Helen Andreada,HA-14920,East,2018-12-03 - 2018-12-17
1669.6,Bretford “Just In Time” Height-Adjustable Multi-Task Work Tables,FUR-TA-10004256,Consumer,Michael Chen,MC-17845,West,2018-12-03 - 2018-12-17
87.92,"Contract Clock, 14"", Brown",FUR-FU-10001475,Consumer,William Brown,WB-21850,East,2018-12-03 - 2018-12-17
3.273,Heavy-Duty E-Z-D Binders,OFF-BI-10000014,Consumer,William Brown,WB-21850,East,2018-12-03 - 2018-12-17
19.936,Avery Hole Reinforcements,OFF-BI-10001097,Corporate,Ben Peterman,BP-11185,West,2018-12-03 - 2018-12-17
18.24,Col-Erase Pencils with Erasers,OFF-AR-10000799,Corporate,Ben Peterman,BP-11185,West,2018-12-03 - 2018-12-17
324.9,Fellowes Bankers Box Staxonsteel Drawer File/Stacking System,OFF-ST-10000060,Corporate,Ben Peterman,BP-11185,West,2018-12-03 - 2018-12-17
49.08,Logitech Desktop MK120 Mouse and keyboard Combo,TEC-AC-10004510,Corporate,Ben Peterman,BP-11185,West,2018-12-03 - 2018-12-17
65.568,"Wilson Jones Ledger-Size, Piano-Hinge Binder, 2"", Blue",OFF-BI-10001597,Corporate,Ben Peterman,BP-11185,West,2018-12-03 - 2018-12-17
14.76,"Eldon Expressions Wood Desk Accessories, Oak",FUR-FU-10002364,Corporate,Justin Ellison,JE-16165,South,2018-12-03 - 2018-12-17
34.5,Ibico Covers for Plastic or Wire Binding Elements,OFF-BI-10004965,Home Office,Lindsay Shagiari,LS-16975,Central,2018-12-03 - 2018-12-17
45.84,Avery Metallic Poly Binders,OFF-BI-10003476,Home Office,Stephanie Ulpright,SU-20665,South,2018-12-03 - 2018-12-17
38.97,Cyber Acoustics AC-202b Speech Recognition Stereo Headset,TEC-PH-10000148,Home Office,Stephanie Ulpright,SU-20665,South,2018-12-03 - 2018-12-17
599.97,Razer Tiamat Over Ear 7.1 Surround Sound PC Gaming Headset,TEC-AC-10001838,Home Office,Stephanie Ulpright,SU-20665,South,2018-12-03 - 2018-12-17
14.952,Clear Mylar Reinforcing Strips,OFF-BI-10002498,Consumer,Allen Armold,AA-10375,East,2018-12-03 - 2018-12-17
116.98,Dexim XPower Skin Super-Thin Power Case for iPhone 5 - Black,TEC-PH-10004522,Consumer,Allen Armold,AA-10375,East,2018-12-03 - 2018-12-17
17.94,Xerox 1895,OFF-PA-10002245,Consumer,Allen Armold,AA-10375,East,2018-12-03 - 2018-12-17
63.686,"Leather Task Chair, Black",FUR-CH-10002961,Consumer,Arianne Irving,AI-10855,East,2018-12-03 - 2018-12-17
1.392,Hoover Commercial Lightweight Upright Vacuum,OFF-AP-10001634,Consumer,Dennis Kane,DK-13375,Central,2018-12-03 - 2018-12-17
23.36,"Angle-D Binders with Locking Rings, Label Holders",OFF-BI-10000050,Consumer,Mike Vittorini,MV-18190,East,2018-12-03 - 2018-12-17
39.98,Logitech LS21 Speaker System - PC Multimedia - 2.1-CH - Wired,TEC-AC-10001998,Consumer,Mike Vittorini,MV-18190,East,2018-12-03 - 2018-12-17
77.72,Electrix Halogen Magnifier Lamp,FUR-FU-10004306,Consumer,Ralph Ritter,RR-19315,Central,2018-12-03 - 2018-12-17
520.464,GuestStacker Chair with Chrome Finish Legs,FUR-CH-10003973,Consumer,Ralph Ritter,RR-19315,Central,2018-12-03 - 2018-12-17
10.368,Xerox 21,OFF-PA-10001937,Consumer,Ralph Ritter,RR-19315,Central,2018-12-03 - 2018-12-17
116.312,Enermax Briskie RF Wireless Keyboard and Mouse Combo,TEC-AC-10001284,Corporate,Alejandro Savely,AS-10285,Central,2018-12-03 - 2018-12-17
721.875,BoxOffice By Design Rectangular and Half-Moon Meeting Room Tables,FUR-TA-10004289,Corporate,Darrin Van Huff,DV-13045,South,2018-12-03 - 2018-12-17
64.784,"Global Geo Office Task Chair, Gray",FUR-CH-10000225,Corporate,Darrin Van Huff,DV-13045,South,2018-12-03 - 2018-12-17
73.568,Motorola HK250 Universal Bluetooth Headset,TEC-PH-10003555,Corporate,Darrin Van Huff,DV-13045,South,2018-12-03 - 2018-12-17
13.584,Stanley Bostitch Contemporary Electric Pencil Sharpeners,OFF-AR-10001958,Corporate,Darrin Van Huff,DV-13045,South,2018-12-03 - 2018-12-17
128.85,Plantronics MX500i Earset,TEC-PH-10001527,Corporate,Katherine Nockton,KN-16390,East,2018-12-03 - 2018-12-17
6.54,Stockwell Push Pins,OFF-FA-10001561,Corporate,Nona Balk,NB-18655,East,2018-12-03 - 2018-12-17
7.28,Pastel Pink Envelopes,OFF-EN-10003160,Home Office,Roy Skaria,RS-19870,Central,2018-12-03 - 2018-12-17
5.4,Wilson Jones Easy Flow II Sheet Lifters,OFF-BI-10002012,Home Office,Roy Skaria,RS-19870,Central,2018-12-03 - 2018-12-17
8.64,Avery 49,OFF-LA-10004559,Consumer,Emily Phan,EP-13915,West,2018-12-03 - 2018-12-17
201.04,DAX Wood Document Frame,FUR-FU-10001473,Consumer,Emily Phan,EP-13915,West,2018-12-03 - 2018-12-17
12.96,Xerox 1975,OFF-PA-10000232,Consumer,Emily Phan,EP-13915,West,2018-12-03 - 2018-12-17
38.88,Xerox 1996,OFF-PA-10003172,Consumer,Emily Phan,EP-13915,West,2018-12-03 - 2018-12-17
31.44,Sterilite Officeware Hinged File Box,OFF-ST-10001325,Consumer,Mitch Webber,MW-18220,West,2018-12-03 - 2018-12-17
287.976,"Bush Andora Bookcase, Maple/Graphite Gray Finish",FUR-BO-10004015,Corporate,Bart Pistole,BP-11095,East,2018-12-03 - 2018-12-17
56.328,"Howard Miller 13"" Diameter Goldtone Round Wall Clock",FUR-FU-10004091,Consumer,Dave Brooks,DB-13060,Central,2018-12-03 - 2018-12-17
39.264,Logitech Desktop MK120 Mouse and keyboard Combo,TEC-AC-10004510,Consumer,Dave Brooks,DB-13060,Central,2018-12-03 - 2018-12-17
95.232,Prismacolor Color Pencil Set,OFF-AR-10002987,Consumer,Dave Brooks,DB-13060,Central,2018-12-03 - 2018-12-17
266.352,"Rubbermaid ClusterMat Chairmats, Mat Size- 66"" x 60"", Lip 20"" x 11"" -90 Degree Angle",FUR-FU-10002298,Consumer,Dave Brooks,DB-13060,Central,2018-12-03 - 2018-12-17
974.988,Bretford CR4500 Series Slim Rectangular Table,FUR-TA-10000577,Consumer,Lena Creighton,LC-16885,Central,2018-12-03 - 2018-12-17
44.75,Kingston Digital DataTraveler 16GB USB 2.0,TEC-AC-10003038,Corporate,Kelly Lampkin,KL-16555,South,2018-12-03 - 2018-12-17
159.8,Microsoft Sculpt Comfort Mouse,TEC-AC-10004469,Corporate,Kelly Lampkin,KL-16555,South,2018-12-03 - 2018-12-17
17.28,"Acco Banker's Clasps, 5 3/4""-Long",OFF-FA-10001332,Home Office,Ben Ferrer,BF-11170,East,2018-12-03 - 2018-12-17
25.71,Acme Office Executive Series Stainless Steel Trimmers,OFF-SU-10001664,Home Office,Ben Ferrer,BF-11170,East,2018-12-03 - 2018-12-17
526.582,Bretford Rectangular Conference Table Tops,FUR-TA-10003473,Home Office,Ben Ferrer,BF-11170,East,2018-12-03 - 2018-12-17
1199.98,Canon PC1080F Personal Copier,TEC-CO-10002313,Home Office,Ben Ferrer,BF-11170,East,2018-12-03 - 2018-12-17
73.85,Safco Industrial Shelving,OFF-ST-10002790,Home Office,Ben Ferrer,BF-11170,East,2018-12-03 - 2018-12-17
227.976,Kensington Expert Mouse Optical USB Trackball for PC or Mac,TEC-AC-10000474,Home Office,Gary Mitchum,GM-14455,Central,2018-12-03 - 2018-12-17
2.032,"Master Caster Door Stop, Gray",FUR-FU-10002963,Home Office,Gary Mitchum,GM-14455,Central,2018-12-03 - 2018-12-17
52.68,Samsung HM1900 Bluetooth Headset,TEC-PH-10003095,Home Office,Gary Mitchum,GM-14455,Central,2018-12-03 - 2018-12-17
43.7,"#10- 4 1/8"" x 9 1/2"" Recycled Envelopes",OFF-EN-10000461,Home Office,Mike Pelletier,MP-18175,West,2018-12-03 - 2018-12-17
26.25,"Eldon 400 Class Desk Accessories, Black Carbon",FUR-FU-10004963,Home Office,Mike Pelletier,MP-18175,West,2018-12-03 - 2018-12-17
64.96,"Wilson Jones Clip & Carry Folder Binder Tool for Ring Binders, Clear",OFF-BI-10000174,Home Office,Mike Pelletier,MP-18175,West,2018-12-03 - 2018-12-17
54.32,Hoover Commercial SteamVac,OFF-AP-10000027,Consumer,Khloe Miller,KM-16660,West,2018-12-03 - 2018-12-17
196.776,Panasonic KX TS3282B Corded phone,TEC-PH-10000675,Consumer,Khloe Miller,KM-16660,West,2018-12-03 - 2018-12-17
22.83,"Wirebound Message Books, Two 4 1/4"" x 5"" Forms per Page",OFF-PA-10004569,Consumer,Khloe Miller,KM-16660,West,2018-12-03 - 2018-12-17
10.192,Newell 307,OFF-AR-10000823,Corporate,Saphhira Shifley,SS-20140,Central,2018-12-03 - 2018-12-17
22.77,"Master Giant Foot Doorstop, Safety Yellow",FUR-FU-10003096,Home Office,Paul Lucas,PL-18925,West,2018-12-03 - 2018-12-17
10.8,Peel & Stick Add-On Corner Pockets,OFF-BI-10004656,Consumer,Andrew Roberts,AR-10510,Central,2018-12-03 - 2018-12-17
18.96,"DAX Two-Tone Rosewood/Black Document Frame, Desktop, 5 x 7",FUR-FU-10002445,Corporate,Andy Yotov,AY-10555,West,2018-12-03 - 2018-12-17
81.568,"Global Deluxe Stacking Chair, Gray",FUR-CH-10002774,Corporate,Andy Yotov,AY-10555,West,2018-12-03 - 2018-12-17
97.184,"Global Value Steno Chair, Gray",FUR-CH-10003817,Corporate,Andy Yotov,AY-10555,West,2018-12-03 - 2018-12-17
24.32,Prestige Round Ring Binders,OFF-BI-10002949,Corporate,Andy Yotov,AY-10555,West,2018-12-03 - 2018-12-17
5.984,Accohide Poly Flexible Ring Binders,OFF-BI-10003196,Corporate,Kalyca Meade,KM-16225,West,2018-12-03 - 2018-12-17
44.4,Avery 475,OFF-LA-10003498,Corporate,Kalyca Meade,KM-16225,West,2018-12-03 - 2018-12-17
29.95,Bulldog Table or Wall-Mount Pencil Sharpener,OFF-AR-10001988,Corporate,Kalyca Meade,KM-16225,West,2018-12-03 - 2018-12-17
189.95,Imation Secure Drive + Hardware Encrypted USB flash drive - 16 GB,TEC-AC-10000358,Corporate,Kalyca Meade,KM-16225,West,2018-12-03 - 2018-12-17
149.95,Microsoft Natural Ergonomic Keyboard 4000,TEC-AC-10000057,Corporate,Kalyca Meade,KM-16225,West,2018-12-03 - 2018-12-17
158.9,"Safco Wire Cube Shelving System, For Use as 4 or 5 14"" Cubes, Black",OFF-ST-10002289,Home Office,Rick Bensley,RB-19465,West,2018-12-03 - 2018-12-17
13.36,Xerox 1898,OFF-PA-10002986,Home Office,Rick Bensley,RB-19465,West,2018-12-03 - 2018-12-17
33.376,"Acco Data Flex Cable Posts For Top & Bottom Load Binders, 6"" Capacity",OFF-BI-10001628,Home Office,Ross DeVincentis,RD-19810,East,2018-12-03 - 2018-12-17
124.36,Deflect-o Glass Clear Studded Chair Mats,FUR-FU-10000308,Consumer,Annie Thurman,AT-10735,East,2018-12-03 - 2018-12-17
24.816,GBC Wire Binding Combs,OFF-BI-10001617,Consumer,Annie Thurman,AT-10735,East,2018-12-03 - 2018-12-17
166.72,Safco Steel Mobile File Cart,OFF-ST-10002276,Consumer,Annie Thurman,AT-10735,East,2018-12-03 - 2018-12-17
504.9,Hon Valutask Swivel Chairs,FUR-CH-10003846,Consumer,Arianne Irving,AI-10855,South,2018-12-03 - 2018-12-17
544.38,Adjustable Depth Letter/Legal Cart,OFF-ST-10003208,Consumer,Giulietta Baptist,GB-14575,South,2018-12-03 - 2018-12-17
66.284,Eureka Sanitaire  Commercial Upright,OFF-AP-10003217,Consumer,Logan Currie,LC-17140,Central,2018-12-03 - 2018-12-17
15.24,"Acco Pressboard Covers with Storage Hooks, 9 1/2"" x 11"", Executive Red",OFF-BI-10000605,Consumer,Logan Currie,LC-17140,West,2018-12-03 - 2018-12-17
13.23,"Ampad Gold Fibre Wirebound Steno Books, 6"" x 9"", Gregg Ruled",OFF-PA-10002615,Consumer,Logan Currie,LC-17140,West,2018-12-03 - 2018-12-17
13.98,Fiskars Spring-Action Scissors,OFF-SU-10002557,Corporate,Christine Abelman,CA-12310,West,2018-12-03 - 2018-12-17
481.32,Iceberg Mobile Mega Data/Printer Cart,OFF-ST-10001526,Corporate,Christine Abelman,CA-12310,West,2018-12-03 - 2018-12-17
32.56,Adjustable Personal File Tote,OFF-ST-10001031,Corporate,Dave Poirier,DP-13105,Central,2018-12-03 - 2018-12-17
11.808,GBC Plastic Binding Combs,OFF-BI-10000320,Home Office,Hallie Redmond,HR-14770,West,2018-12-03 - 2018-12-17
28.16,"Wirebound Message Books, 2 7/8"" x 5"", 3 Forms per Page",OFF-PA-10001745,Home Office,Vicky Freymann,VF-21715,Central,2018-12-03 - 2018-12-17
